Gender,Age,Calorie Level,Protein,Protein%,Carbohydrate,Carbohydrate%,Dietary Fiber,Total Fat%,Saturated Fat%,Linoleic Acid,Linolenic Acid,Calcium,Iron,Magnesium,Phosphorus,Potassium,Sodium,Zinc,Copper,Manganese,Selenium,Vitamin A,Vitamin E,Vitamin D,Vitamin C,Thiamin,Riboflavin,Niacin,Vitamin B-6,Vitamin B-12,Choline,Vitamin K,Folate
female,14-18,1800,46,10--30,130,45--65,25.2,25-35,10%,11,1.1,1.3,0.015,0.36,1.25,4.7,2.3,0.009,0.00089,0.0016,0.055,0.7,0.015,0.6,0.065,0.001,0.001,0.014,0.0012,0.0024,0.4,0.075,0.4
male,14-18,2733.34,52,10--30,130,45--65,30.8,25-35,10%,16,1.6,1.3,0.011,0.41,1.25,4.7,2.3,0.011,0.00089,0.0022,0.055,0.9,0.015,0.6,0.075,0.0012,0.0013,0.016,0.0013,0.0024,0.55,0.075,0.4
female,19-30,2000,46,10--35,130,45--65,28,20-35,10%,12,1.1,1,0.018,0.31,0.7,4.7,2.3,0.008,0.0009,0.0018,0.055,0.7,0.015,0.6,0.075,0.0011,0.0011,0.014,0.0013,0.0024,0.425,0.09,0.4
male,19-30,2666.67,56,10--35,130,45--65,33.6,20-35,10%,17,1.6,1,0.008,0.4,0.7,4.7,2.3,0.011,0.0009,0.0023,0.055,0.9,0.015,0.6,0.09,0.0012,0.0013,0.016,0.0013,0.0024,0.55,0.12,0.4
female,31-50,1800,46,10--35,130,45--65,25.2,20-35,10%,12,1.1,1.3,0.018,0.32,0.7,4.7,2.3,0.008,0.0009,0.0018,0.055,0.7,0.015,0.6,0.075,0.0011,0.0011,0.014,0.0013,0.0024,0.425,0.09,0.4
male,31-50,2200,56,10--35,130,45--65,30.8,20-35,10%,17,1.6,1,0.008,0.42,0.7,4.7,2.3,0.011,0.0009,0.0023,0.055,0.9,0.015,0.6,0.09,0.0012,0.0013,0.016,0.0013,0.0024,0.55,0.12,0.4
female,51+,1600,46,10--35,130,45--65,22.4,20-35,10%,11,1.1,1.3,0.008,0.32,0.7,4.7,2.3,0.008,0.0009,0.0018,0.055,0.7,0.015,0.6,0.075,0.0011,0.0011,0.014,0.0015,0.0024,0.425,0.09,0.4
male,51+,2000,56,10--35,130,45--65,28,20-35,10%,14,1.6,1,0.008,0.42,0.7,4.7,2.3,0.011,0.0009,0.0023,0.055,0.9,0.015,0.6,0.09,0.0012,0.0013,0.016,0.0017,0.0024,0.55,0.12,0.4
